"No","Keyword","Seacrch Count","Owner","1st","2nd","3rd","备注"
1,"MP3播放器",83777,"Toya","MP3播放器",,,
2,"管理软件",47416,"Jinger","相关软件",,,
3,"ipod",46253,"Page","MP3播放器","MP4播放器","其他配件",
4,"手机配件",42098,"Toya","手机配件",,,
5,"内衣套装",39692,"Jinger","情趣内衣",,,
6,"游戏机",32243,"Page","游戏机","手柄","方向盘",
7,"二手车",28564,"Toya","汽车导购",,,
8,"asp b2b",25054,"Jinger","图书",,,
9,"家庭 装修",24988,"Page","相关软件","生活保健",,
10,"求职 简历",23611,"Toya","图书",,,
11,"男式内裤",22364,"Jinger","情趣内衣",,,
12,"转换插头",22044,"Page","通用车载","电源",,
13,"travel",21696,"Toya","野营装备",,,
14,"千里马汽车",21640,"Jinger","其他汽车保养 ",,,
15,"电子 签名",20423,"Page","图书",,,
16,"狗 宠物",20253,"Toya","玩具模型",,,
17,"儿童服装",19200,"Jinger","衣着饰物",,,
18,"二手笔记本",19152,"Page","笔记本","笔记本电池",,
19,"女式服装",18371,"Toya","衣着饰物",,,
20,"手机袋",17797,"Jinger","手机饰品 ",,,
21,"休闲鞋",16450,"Page","运动鞋",,,
22,"爱情密码",15882,"Toya",,,,
23,"电脑",15838,"Jinger","笔记本","台式机","掌上电脑",
24,"液晶电视",14248,"Page","影音播放",,,
25,"手机电池",13223,"Toya","手机配件",,,
26,"视频 会议",12681,"Jinger",,,,
27,"硬盘播放器",12460,"Page","MP3播放器","MP4播放器",,
28,"上海 服装",11830,"Toya",,,,
29,"手表",11767,"Jinger","手表",,,
30,"效果 图",11680,"Page","图书",,,
31,"卫星定位",11603,"Toya","通讯导航",,,
32,"时尚饰品",11110,"Jinger","图书",,,
33,"玩家",11003,"Page","数码产品",,,
34,"吉他",10744,"Toya","图书",,,
35,"二氯异氰尿酸钠",10482,"Jinger",,,,
36,"手机盒",10084,"Page","车内实用",,,
37,"效果图",9836,"Toya","图书",,,
38,"音乐 制作",9775,"Jinger","相关软件",,,
39,"数码",9634,"Page","数码产品",,,
40,"摩托罗拉手机",9352,"Toya","GSM手机",,,
41,"网页制作",9201,"Jinger","图书",,,
42,"手机 维修",9181,"Page","图书",,,
43,"射击游戏",9045,"Toya","相关软件",,,
44,"编织毛衣",8869,"Jinger","图书",,,
45,"情侣戒",8543,"Page","珠宝首饰 ","仿真首饰",,
46,"北京车模",8536,"Toya","玩具模型","汽车导购",,
47,"木地板",8274,"Jinger","图书",,,
48,"情侣饰品",7864,"Page","手机饰品",,,
49,"中国 茶叶",7764,"Toya","礼品",,,
50,"休闲服",7508,"Jinger","玩具模型",,,
51,"家禽 养殖",7453,"Page","图书",,,
52,"娱乐 空间",7287,"Toya",,,,
53,"女裤",7086,"Jinger","情趣内衣",,,
54,"会议 视频 Visual",6784,"Page","图书",,,
55,"女鞋",6677,"Toya","运动鞋",,,
56,"相机",6619,"Jinger","数码相机",,,
57,"钱币 收藏",6591,"Page","纪念品","图书",,
58,"化妆 造型",6570,"Toya","化妆品",,,
59,"文学 戴尔 出版社",6545,"Jinger","图书",,,
60,"数码 摄像机",6417,"Page","数码摄像机","数码包","电池","充电器"
61,"戴尔笔记本",6313,"Toya","笔记本",,,
62,"家庭影院",6308,"Jinger","图书",,,
63,"音乐 教育",5993,"Page","图书",,,
64,"奶粉",5972,"Toya",,,,
65,"GPS软件",5699,"Jinger","GPS定位系统",,,
66,"幼儿园",5698,"Page","图书",,,
67,"车险",5693,"Toya","汽车导购",,,
68,"卡通贴纸",5582,"Jinger","车内装饰",,,
69,"人民币",5499,"Page","点钞机","纪念品","图书",
70,"相机镜头",5461,"Toya","镜头","光学镜头","数码镜头",
71,"化妆",5406,"Jinger","彩妆",,,
72,"情侣",5344,"Page","珠宝首饰 ","男/女性用品",,
73,"加盟",5314,"Toya",,,,
74,"生日礼物",5308,"Jinger","祝福食品",,,
75,"模块",5234,"Page","GPS定位系统","通讯导航",,
76,"美体",5225,"Toya","化妆品",,,
77,"设计 图集 预算",5117,"Jinger","图书",,,
78,"传真软件",5117,"Page","相关软件",,,
79,"外贸内衣",5050,"Toya","情趣内衣",,,
80,"遮阳挡",4972,"Jinger","车内装饰",,,
81,"论文",4947,"Page","图书",,,
82,"美丽 铁艺 百科",4900,"Toya","图书",,,
83,"化妆镜",4894,"Jinger","工具",,,
84,"股票交易",4705,"Page","图书",,,
85,"胸花",4698,"Toya","鲜花园艺","首饰",,
86,"大学生 创业",4677,"Jinger","图书",,,
87,"交友",4564,"Page","图书",,,
88,"汽车 市场",4533,"Toya","汽车导购",,,
89,"眼霜",4508,"Jinger","护肤",,,
90,"学英语",4494,"Page","影视","图书",,
91,"家居 设计",4345,"Toya","图书",,,
92,"冷光片",4332,"Jinger","车内装饰",,,
93,"驾驶员 培训",4281,"Page","图书",,,
94,"IBM笔记本",4194,"Toya","笔记本",,,
95,"平面 设计",4129,"Jinger","图书",,,
96,"瑞士手表",4079,"Page","手表",,,
97,"充电电池",4065,"Toya","电池",,,
98,"数码相机",4058,"Jinger","数码伴侣",,,
99,"培训 职业 驾驶员",4041,"Page","图书",,,
100,"压缩毛巾",3970,"Toya",,,,
101,"无纺布袋",3942,"Jinger","实用礼品",,,
102,"黄胶",3800,"Page",,,,
103,"精品手机",3696,"Toya","GSM手机","CDMA手机","3G手机",
104,"批发",3685,"Jinger","运动服",,,
105,"迷你风扇",3671,"Page","实用礼品",,,
106,"二手房",3666,"Toya",,,,
107,"卡通表",3639,"Jinger","手表",,,
108,"毕业生 就业",3613,"Page","图书",,,
109,"舒背思",3599,"Toya","保健护理",,,
110,"大学生 求职",3572,"Jinger","图书",,,
111,"联想 电脑",3562,"Page","台式机","笔记本",,
112,"少林 武术",3509,"Toya","影视",,,
113,"CDMA手机",3475,"Jinger","CDMA手机",,,
114,"护肤",3438,"Page","护肤",,,
115,"手机挂饰",3426,"Toya","手机饰品","摆设挂饰",,
116,"时尚 服饰",3424,"Jinger","图书",,,
117,"电脑 硬件",3350,"Page","图书",,,
118,"加盟 商",3347,"Toya",,,,
119,"公务员 招聘",3269,"Jinger","图书",,,
120,"项目 上海",3202,"Page","图书",,,
121,"广告 设计",3196,"Toya","相关软件","图书",,
122,"留学 英语",3175,"Jinger","外语",,,
123,"HP笔记本",3170,"Page","笔记本",,,
124,"篮球鞋",3161,"Toya","运动鞋",,,
125,"方刚",3095,"Jinger",,,,
126,"专用汽车",3076,"Page","汽车导购","车内装饰","通用车载",
127,"电视剧",3035,"Toya","影视",,,
128,"钢琴",2994,"Jinger","图书",,,
129,"CARTIER手表",2932,"Page","手表",,,
130,"运动鞋",2930,"Toya","运动鞋",,,
131,"自行车",2905,"Jinger","其他运动器械 ",,,
132,"旅游 景点",2783,"Page","图书",,,
133,"娃娃晚礼服",2676,"Toya","玩具模型",,,
134,"家庭 影院",2622,"Jinger","音箱",,,
135,"不孕",2600,"Page","图书",,,
136,"专用车",2589,"Toya","汽车导购",,,
137,"车载VCD",2558,"Jinger","影音播放",,,
138,"涂装",2556,"Page","图书",,,
139,"热带鱼",2535,"Toya",,,,
140,"运动服装",2521,"Jinger","运动服",,,
141,"视频会议",2513,"Page","电话机",,,
142,"招聘 管理",2491,"Toya","图书",,,
143,"化妆刷",2480,"Jinger","工具",,,
144,"相框",2473,"Page","实用礼品","数码伴侣",,
145,"色谱",2464,"Toya","图书",,,
146,"爽肤水",2461,"Jinger","护肤",,,
147,"外贸 服装",2425,"Page","图书",,,
148,"无线上网卡",2400,"Toya","无线上网卡",,,
149,"汽车天线",2394,"Jinger","其他汽车保养",,,
150,"车载",2327,"Page","通用车载",,,
151,"软件 测试",2317,"Toya","相关软件","图书",,
152,"瓷器 收藏",2278,"Jinger","图书",,,
153,"瑜伽垫",2266,"Page","项目专用",,,
154,"瓷 像",2259,"Toya",,,,
155,"笔记本电池",2235,"Jinger","笔记本电池",,,
156,"充值卡",2180,"Page",,,,
157,"品牌女包",2166,"Toya",,,,
158,"减肥茶",2158,"Jinger","塑身美体",,,
159,"电子钟",2156,"Page","摆设挂饰","实用礼品","车内实用",
160,"长安汽车",2132,"Toya","汽车导购",,,
161,"好孩子",2088,"Jinger","图书 ",,,
162,"花卉 盆景",2080,"Page","图书",,,
163,"祛斑霜",2079,"Toya","化妆品",,,
164,"美甲",2053,"Jinger","实用礼品 ",,,
165,"数码电池",2037,"Page","电池",,,
166,"观赏鱼",2026,"Toya","图书",,,
167,"幼儿",2007,"Jinger","图书 ",,,
168,"劳力士",2006,"Page","手表",,,
169,"英语学习",1996,"Toya","电子词典","图书","影视",
170,"汽车轮胎",1986,"Jinger","车外系列 ",,,
171,"手机卡",1982,"Page","闪存卡","手机配件",,
172,"古董 拍卖",1978,"Toya","图书",,,
173,"证券 投资",1966,"Jinger","图书",,,
174,"橡塑",1942,"Page",,,,
175,"沃尔沃",1935,"Toya","汽车导购",,,
176,"墨盒",1921,"Jinger","墨盒(水) ",,,
177,"台球桌",1910,"Page","体育器材","项目专用",,
178,"笔记本电脑",1908,"Toya","笔记本",,,
179,"女式凉鞋",1906,"Jinger","运动鞋",,,
180,"女鞋特价",1903,"Page","运动鞋",,,
181,"车",1889,"Toya","汽车导购",,,
182,"广告笔",1888,"Jinger","实用礼品",,,
183,"建筑 装饰",1888,"Page","图书",,,
184,"有源音箱",1888,"Toya","音箱","影音播放",,
185,"安利",1866,"Jinger","护肤",,,
186,"名表",1865,"Page","手表",,,
187,"纽曼移动硬盘",1859,"Toya","移动硬盘","移动U盘",,
188,"买房",1857,"Jinger","图书",,,
189,"西铁城情侣表",1835,"Page","手表",,,
190,"合金",1834,"Toya",,,,
191,"加盟 美容",1806,"Jinger","图书",,,
192,"英语 学习",1792,"Page","电子词典","图书",,
193,"鞋帽",1766,"Toya",,,,
194,"遥控车",1762,"Jinger","玩具模型",,,
195,"手机外壳",1744,"Page","手机配件",,,
196,"汽车 保养",1711,"Toya","其他汽车保养",,,
197,"钻石戒指",1708,"Jinger","珠宝首饰 ",,,
198,"美发",1701,"Page","沐浴护发",,,
199,"书店 黄宇和 作者",1695,"Toya","图书",,,
200,"英语 在线",1692,"Jinger","图书",,,
201,"雅诗兰黛",1684,"Page","护肤","香水","彩妆",
202,"注册 税务师",1681,"Toya","图书",,,
203,"装修 家具",1678,"Jinger","图书",,,
204,"创业 投资",1675,"Page","图书",,,
205,"手机键盘",1673,"Toya","手机配件",,,
206,"沐浴露",1666,"Jinger","沐浴护发",,,
207,"家居饰品",1658,"Page","摆设挂饰",,,
208,"香水",1655,"Toya","香水",,,
209,"面膜",1652,"Jinger","护肤 ",,,
210,"组合工具",1637,"Page","户外运动","应急抢险","男性饰物",
211,"公文包",1632,"Toya",,,,
212,"会计 考试",1623,"Jinger","图书",,,
213,"太阳能 热水",1622,"Page","图书",,,
214,"西藏 地图",1621,"Toya","图书",,,
215,"水晶工艺品",1620,"Jinger","摆设挂饰",,,
216,"管理 软件 配置",1615,"Page","图书",,,
217,"大学生 就业",1612,"Toya","图书",,,
218,"房地产 投资",1608,"Jinger","图书",,,
219,"书画",1602,"Page","图书",,,
220,"功放",1592,"Toya","音箱","影音播放",,
221,"博客",1591,"Jinger","影视",,,
222,"JBL音箱",1586,"Page","音箱",,,
223,"奥林巴斯数码相机",1577,"Toya","数码相机",,,
224,"倩碧",1571,"Jinger","护肤 ",,,
225,"电子狗",1558,"Page","游戏机","安全防盗",,
226,"NBA刺绣",1558,"Toya","车内装饰",,,
227,"玉米",1538,"Jinger",,,,
228,"保湿",1537,"Page","护肤","彩妆","沐浴护发",
229,"体育器材",1530,"Toya","体育器材","项目专用",,
230,"滑雪服",1527,"Jinger","野营装备 ",,,
231,"节日礼品",1526,"Page","鲜花",,,
232,"长城电脑",1525,"Toya","台式机","笔记本",,
233,"网布",1522,"Jinger","车内装饰",,,
234,"发光片",1518,"Page",,,,
235,"ibm thinkpad",1511,"Toya","笔记本",,,
236,"惠普打印机",1509,"Jinger","激光打印机 ",,,
237,"影视制作",1506,"Page","相关软件","图书",,
238,"北京 服装",1503,"Toya",,,,
239,"职业 技能 培训",1500,"Jinger","图书 ",,,
240,"单片机",1498,"Page","图书",,,
241,"修车",1497,"Toya","汽车用品",,,
242,"铁罐",1477,"Jinger","祝福食品 ",,,
243,"工作灯",1474,"Page","零配件",,,
244,"红木 家具",1474,"Toya","图书",,,
245,"美容笔",1473,"Jinger","护理美容 ",,,
246,"飞利浦630",1458,"Page","GSM手机",,,
247,"保健 食品",1445,"Toya","保健护理",,,
248,"宝宝",1443,"Jinger","图书 ",,,
249,"阿里巴巴",1436,"Page","图书","影视",,
250,"增压器",1421,"Toya","零配件",,,
251,"地图",1416,"Jinger","图书",,,
252,"MBA",1411,"Page","图书",,,
253,"像框",1411,"Toya","摆设挂饰",,,
254,"移动笔记本",1405,"Jinger","笔记本 ",,,
255,"报关员 考试",1401,"Page","图书",,,
256,"液晶屏",1398,"Toya","液晶显示器",,,
257,"睫毛膏",1397,"Jinger","彩妆",,,
258,"翡翠手镯",1395,"Page","珠宝首饰 ",,,
259,"花卉 公司",1387,"Toya","鲜花园艺",,,
260,"车件",1372,"Jinger","车内装饰 ",,,
261,"专题片",1366,"Page","影视",,,
262,"手机包",1361,"Toya","数码包",,,
263,"化妆品盒",1357,"Jinger","彩妆",,,
264,"汇率",1354,"Page","图书",,,
265,"休闲服装",1350,"Toya",,,,
266,"汽车附件",1343,"Jinger","图书 ",,,
267,"中国 洁净",1339,"Page","图书",,,
268,"王牌 电视 HiD",1326,"Toya",,,,
269,"平面 设计 广告",1324,"Jinger","图书",,,
270,"艺术 婚纱",1321,"Page","图书",,,
271,"盆景",1313,"Toya","鲜花园艺",,,
272,"口腔",1310,"Jinger","图书 ",,,
273,"摩托车",1308,"Page","维修改装","手表",,
274,"爱国者移动硬盘",1294,"Toya",,,,
275,"园林景观",1287,"Jinger","图书",,,
276,"建筑 装饰 设计",1286,"Page","图书",,,
277,"自行车配件",1284,"Toya","运动配件",,,
278,"维尼小熊",1282,"Jinger","车内实用",,,
279,"美容 减肥",1268,"Page","保健护理","图书",,
280,"养殖",1263,"Toya","图书","影视",,
281,"笔记本配件",1262,"Jinger","其他配件",,,
282,"演唱会",1257,"Page","影视",,,
283,"收藏品",1251,"Toya","纪念品及其他","图书",,
284,"微光夜视仪",1250,"Jinger","野营装备 ",,,
285,"药盒",1249,"Page","保健护理",,,
286,"室内 装潢",1249,"Toya","图书",,,
287,"整容",1248,"Jinger","影视 ",,,
288,"会计 资格 考试",1235,"Page","图书",,,
289,"美国公司",1232,"Toya",,,,
290,"招生",1224,"Jinger","图书",,,
291,"市场 营销 策划",1222,"Page","图书",,,
292,"全自动机械表",1214,"Toya","手表",,,
293,"JVC数码摄像机",1211,"Jinger","数码摄像机",,,
294,"乒乓球",1200,"Page","体育器材",,,
295,"汽车 货运",1197,"Toya","汽车导购",,,
296,"亲子园",1188,"Jinger","图书",,,
297,"鞋业",1187,"Page",,,,
298,"精美画册",1186,"Toya","图书",,,
299,"专利产品",1184,"Jinger","图书",,,
300,"紫砂茶具",1184,"Page","实用礼品",,,
301,"胶囊",1175,"Toya","保健护理","化妆品",,
302,"减肥胶囊",1173,"Jinger","塑身美体",,,
303,"锂电池",1158,"Page","电池","笔记本电池",,
304,"毕业生 求职 简历",1157,"Toya","图书",,,
305,"中国 锅炉",1153,"Jinger","图书 ",,,
306,"铜",1145,"Page",,,,
307,"瑜伽 练习",1142,"Toya","体育器材","项目专用",,
308,"索尼数码相机",1141,"Jinger","数码摄像机 ",,,
309,"渔具",1139,"Page","户外运动","运动包袋",,
310,"骨瓷",1136,"Toya","实用礼品",,,
311,"园林景观设计",1131,"Jinger","图书",,,
312,"车用空调",1130,"Page",,,,
313,"编织机",1129,"Toya","图书",,,
314,"芯片 设计",1125,"Jinger","图书",,,
315,"室内 装修",1116,"Page","图书",,,
316,"医疗器械",1112,"Toya","图书",,,
317,"公司起名",1110,"Jinger","图书",,,
318,"摩托罗拉手机耳机",1095,"Page","手机配件",,,
319,"宝马跑车",1092,"Toya","汽车导购",,,
320,"白板笔",1085,"Jinger","办公文具 ",,,
321,"DiorSnow灵",1084,"Page","护肤",,,
322,"花卉 世界",1064,"Toya","鲜花园艺",,,
323,"证券",1055,"Jinger","图书",,,
324,"卫星电话",1054,"Page","GPS定位系统",,,
325,"美 白",1048,"Toya","化妆品",,,
326,"美容 手术",1048,"Jinger","图书",,,
327,"韩国 音乐",1041,"Page",,,,
328,"城际GPS",1041,"Toya","通讯导航","GPS定位系统",,
329,"HP打印机",1037,"Jinger","激光打印机",,,
330,"在职 研究生",1032,"Page","图书",,,
331,"联想笔记本",1031,"Toya","笔记本",,,
332,"户外用品",1029,"Jinger","户外运动 ",,,
333,"金属像框",1020,"Page",,,,
334,"瑞士名表",1019,"Toya","手表",,,
335,"保暖内衣",1002,"Jinger","情趣内衣 ",,,
336,"冰淇淋蛋糕",999,"Page","祝福食品",,,
337,"晚礼服",997,"Toya","情趣内衣",,,
338,"电子词典",996,"Jinger","电子词典 ",,,
339,"品牌 化妆品",994,"Page","图书",,,
340,"药品",988,"Toya","图书",,,
341,"爱普生打印机",969,"Jinger","喷墨打印机",,,
342,"摩托车 故障",968,"Page","图书",,,
343,"商城",959,"Toya",,,,
344,"组装 电脑",958,"Jinger","图书",,,
345,"出口 网",958,"Page",,,,
346,"恋爱",956,"Toya","香水",,,
347,"床上用品",955,"Jinger","男/女性用品 ",,,
348,"连锁 加盟 服饰业",954,"Page","图书",,,
349,"童车",945,"Toya",,,,
350,"mp3耳机",944,"Jinger","MP3播放器 ",,,
351,"水晶项链",941,"Page","仿真首饰","珠宝首饰",,
352,"时装 摄影",941,"Toya","图书",,,
353,"LADY休闲鞋",941,"Jinger","运动鞋 ",,,
354,"手机 和弦 铃声",937,"Page","图书",,,
355,"车载MP3",935,"Toya","MP3播放器","影音播放",,
356,"彩妆",934,"Jinger","彩妆 ",,,
357,"圣诞礼品",929,"Page","实用礼品","鲜花",,
358,"SD卡",929,"Toya","闪存卡",,,
359,"设计 专业 标志",924,"Jinger","艺术 ",,,
360,"光触媒",920,"Page","通用车载","车内实用",,
361,"男包",918,"Toya",,,,
362,"表壳",915,"Jinger","手表 ",,,
363,"头饰",914,"Page","仿真首饰","发饰系列",,
364,"大豆",912,"Toya","保健护理",,,
365,"幼儿 玩具",911,"Jinger","玩具模型",,,
366,"LED灯",910,"Page","野营装备","零配件","车外系列",
367,"猪",908,"Toya","玩具模型",,,
368,"吉它",903,"Jinger","图书 ",,,
369,"留学",894,"Page","图书",,,
370,"圣诞",882,"Toya","鲜花园艺","摆设挂饰",,
371,"家庭 电脑",882,"Jinger","图书",,,
372,"DV采集卡",881,"Page","视频采集卡",,,
373,"卡通铅笔",878,"Toya","办公文具","玩具模型",,
374,"户外运动",877,"Jinger","户外运动",,,
375,"广告 平面 设计",873,"Page","相关软件","图书",,
376,"自行车 电动",870,"Toya","图书",,,
377,"展示设计",859,"Jinger","图书",,,
378,"毛绒玩具",857,"Page","玩具模型",,,
379,"基金",857,"Toya","图书",,,
380,"回收",855,"Jinger","图书",,,
381,"管理 数据库",854,"Page","图书",,,
382,"美甲 开店 系列",850,"Toya","化妆品","图书",,
383,"车饰",846,"Jinger","珠宝首饰 ",,,
384,"快递",844,"Page","图书",,,
385,"电抗器",841,"Toya",,,,
386,"韩国饰品",835,"Jinger","实用礼品",,,
387,"U盘",832,"Page","移动U盘","闪存卡","移动硬盘",
388,"情侣装",831,"Toya",,,,
389,"不育",827,"Jinger","图书",,,
390,"图书 出版社",826,"Page","图书",,,
391,"数码影像",826,"Toya","数码相机","数码摄像机",,
392,"婚礼蛋糕",823,"Jinger","祝福食品",,,
393,"家居时尚",823,"Page","摆设挂饰","图书",,
394,"手工编织",823,"Toya","图书",,,
395,"笔记本",822,"Jinger","笔记本 ",,,
396,"财务软件",821,"Page","相关软件",,,
397,"网络 书写 空间",821,"Toya",,,,
398,"香港 购物",821,"Jinger","图书 ",,,
399,"洗车",813,"Page","护理美容",,,
400,"万能 钥匙",812,"Toya",,,,
401,"机游戏",808,"Jinger","相关软件 ",,,
402,"遥控模型",807,"Page","玩具模型",,,
403,"花草茶",803,"Toya","祝福食品",,,
404,"培训 PHOTOSHOP 短期",793,"Jinger","图书",,,
405,"围巾",790,"Page","衣着饰物",,,
406,"迷你电吹风",789,"Toya","实用礼品",,,
407,"家用冰箱",788,"Jinger","通用车载",,,
408,"卡",786,"Page","闪存卡",,,
409,"人员 招聘",783,"Toya","图书",,,
410,"挂绳",780,"Jinger","其他配件",,,
411,"空调器",780,"Page","图书",,,
412,"网页设计",779,"Toya","图书",,,
413,"净化器",778,"Jinger","通用车载",,,
414,"楼梯 世界 铁艺",775,"Page","图书",,,
415,"企业 中国",774,"Toya","图书",,,
416,"客户 软件",773,"Jinger","相关软件",,,
417,"家用 音响",772,"Page",,,,
418,"户外装备",765,"Toya","野营装备",,,
419,"联想电脑",763,"Jinger","笔记本 ",,,
420,"工程师 网络 软件",761,"Page","图书",,,
421,"卷帘",759,"Toya",,,,
422,"尼龙网",759,"Jinger","运动包袋 ",,,
423,"中国 建材",758,"Page","图书",,,
424,"户外 运动",756,"Toya","户外运动","其他运动户外",,
425,"LED万年历",756,"Jinger",,,,
426,"帕萨特",755,"Page","汽车导购",,,
427,"客户关系",752,"Toya","图书",,,
428,"更衣柜",751,"Jinger","办公家具 ",,,
429,"CRISTALLE香水",750,"Page","香水",,,
430,"戒指",746,"Toya","珠宝首饰",,,
431,"投资 股票",739,"Jinger","图书",,,
432,"建材",736,"Page","图书",,,
433,"资料架",733,"Toya","办公文具","办公家具","办公用品",
434,"超声波加湿器",727,"Jinger","办公用纸 ",,,
435,"国际 传真",723,"Page","图书",,,
436,"奶油蛋糕",723,"Toya","祝福食品",,,
437,"托福 培训",718,"Jinger","外语 ",,,
438,"最新 设计 展览",716,"Page","图书",,,
439,"品牌 服饰",712,"Toya",,,,
440,"澳大利亚移民",711,"Jinger","图书",,,
441,"数字硬盘录像机",708,"Page",,,,
442,"火机",708,"Toya","男性饰物",,,
443,"无线天线",706,"Jinger","无线接入器 ",,,
444,"户外 装备",703,"Page","野营装备",,,
445,"空调被",702,"Toya","实用礼品",,,
446,"纸品",702,"Jinger","办公用纸 ",,,
447,"拍卖",693,"Page","图书",,,
448,"移动硬盘",686,"Toya","移动硬盘","硬盘/光驱盒",,
449,"化妆品 品牌",674,"Jinger","图书",,,
450,"网页 设计 培训",673,"Page","相关软件","图书",,
451,"健身车",671,"Toya","健身器材",,,
452,"培训 财务 软件",671,"Jinger","图书",,,
453,"无线路由器",667,"Page","无线路由器",,,
454,"手机贴纸",665,"Toya","手机饰品",,,
455,"会计 资格",665,"Jinger","图书 ",,,
456,"女包",664,"Page",,,,
457,"柯达数码",663,"Toya","数码相机",,,
458,"遥控飞机",657,"Jinger","玩具模型",,,
459,"瘦身产品",657,"Page","塑身美体","保健护理",,
460,"中国 经济 贸易",654,"Toya","图书",,,
461,"彩色喷墨打印纸",653,"Jinger","办公用纸",,,
462,"手提 电脑",652,"Page","数码包",,,
463,"婚礼",649,"Toya","鲜花园艺","祝福食品",,
464,"礼品笔",649,"Jinger","实用礼品",,,
465,"小商品",645,"Page","图书",,,
466,"水晶工艺",644,"Toya","珠宝首饰","仿真首饰",,
467,"索尼爱立信",643,"Jinger","GSM手机 ",,,
468,"专利申请",640,"Page","图书",,,
469,"港股",639,"Toya","图书",,,
470,"设计 网页",639,"Jinger","图书",,,
471,"线切割",634,"Page","相关软件","图书",,
472,"奇瑞",634,"Toya","汽车导购",,,
473,"技工 培训",628,"Jinger","图书",,,
474,"网上销售",628,"Page",,,,
475,"移民 赴美 商务",622,"Toya","图书",,,
476,"无绳电话",622,"Jinger","电话机 ",,,
477,"床",621,"Page","野营装备",,,
478,"腰椎间盘突出症",620,"Toya","图书",,,
479,"新技术",620,"Jinger","图书 ",,,
480,"生铁",620,"Page",,,,
481,"彩电价格",618,"Toya",,,,
482,"flash",617,"Jinger","图书",,,
483,"太阳能",617,"Page","手表","车内实用",,
484,"聚乙烯",617,"Toya","图书",,,
485,"摩托车防盗器",611,"Jinger","汽车用品",,,
486,"情侣表",610,"Page","手表",,,
487,"佳能",609,"Toya","数码相机","数码摄像机","多功能一体机",
488,"健康品",609,"Jinger","保健护理",,,
489,"TCL电脑",606,"Page","台式机",,,
490,"上海 家政",605,"Toya",,,,
491,"水晶首饰",605,"Jinger","珠宝首饰 ",,,
492,"EsteLauder雅诗兰黛",598,"Page","护肤",,,
493,"雅顿",597,"Toya","化妆品",,,
494,"美容用品",597,"Jinger","护理美容",,,
495,"实木家具",593,"Page","图书",,,
496,"武汉 旅游",592,"Toya","图书",,,
497,"面试 求职",592,"Jinger","图书 ",,,
498,"律师 事务所",592,"Page","图书",,,
499,"翡翠戒指",591,"Toya","首饰",,,
500,"激光笔",590,"Jinger","办公文具",,,
501,"房地产 经纪",589,"Page","图书",,,
502,"疫苗",587,"Toya",,,,
503,"CD音响",586,"Jinger","影音播放 ",,,
504,"北京 旅游",585,"Page","图书",,,
505,"英语 商务",582,"Toya","图书",,,
506,"贷款",577,"Jinger","图书 ",,,
507,"运动装",573,"Page",,,,
508,"九寨沟",571,"Toya","图书",,,
509,"糖尿病",569,"Jinger","图书 ",,,
510,"sony",569,"Page","笔记本","数码相机","数码摄像机","MP3播放器"
511,"LG",566,"Toya","通讯产品","液晶显示器","化妆品",
512,"美容 学校",566,"Jinger","图书",,,
513,"金卡",566,"Page",,,,
514,"上海英语培训",565,"Toya","图书",,,
515,"英语 家教",563,"Jinger","电子词典",,,
516,"服装 上海",563,"Page","图书",,,
517,"窃听器",562,"Toya",,,,
518,"美容套装",561,"Jinger","护理美容 ",,,
519,"墨粉",560,"Page","墨盒(水)","碳粉",,
520,"显卡",560,"Toya","显卡",,,
521,"珍珠饰品",560,"Jinger","手机饰品",,,
522,"祛痘",556,"Page","护肤",,,
523,"企业 网站 建设",555,"Toya","相关软件","图书",,
524,"美容 专业",550,"Jinger","护理美容 ",,,
525,"太阳能 技术",548,"Page","图书",,,
526,"蓝泡泡",546,"Toya","野营装备",,,
527,"漆",546,"Jinger","护理美容",,,
528,"美容 保健",545,"Page","保健护理","图书",,
529,"艾格",543,"Toya",,,,
530,"广告围裙",543,"Jinger","实用礼品 ",,,
531,"软件 开发",542,"Page","图书",,,
532,"中国 地方 钱币",541,"Toya","图书",,,
533,"系列 美术 高考",539,"Jinger","图书",,,
534,"风管",538,"Page","散热器","电源",,
535,"汽车 销售",538,"Toya","汽车导购",,,
536,"纯银",536,"Jinger","仿真首饰",,,
537,"羽毛球拍",536,"Page","体育器材",,,
538,"运动手表",531,"Toya","手表",,,
539,"心理咨询师",531,"Jinger","图书",,,
540,"KITTY公仔",531,"Page","玩具模型","车内装饰",,
541,"外汇 会计 银行",529,"Toya","图书",,,
542,"艺术 空间",528,"Jinger","艺术 ",,,
543,"行业 图书",527,"Page","图书",,,
544,"成都 小吃",526,"Toya","图书",,,
545,"红木家具价格",526,"Jinger","图书",,,
546,"认证 北京",526,"Page","图书",,,
547,"展览 展示 效果图",525,"Toya","图书",,,
548,"整形外科",525,"Jinger","图书",,,
549,"最 赚钱 的",520,"Page","图书",,,
550,"中国 民航",519,"Toya","图书",,,
551,"时装 女装 靓丽",516,"Jinger","图书 ",,,
552,"论文 发表",516,"Page","图书",,,
553,"机械 类",515,"Toya","图书",,,
554,"教育 发展",513,"Jinger","图书 ",,,
555,"移动办公",512,"Page","数码包",,,
556,"宾馆 酒店",512,"Toya","图书",,,
557,"复印机",512,"Jinger","复印机 ",,,
558,"棉签",512,"Page","工具","护肤",,
559,"理财 投资",508,"Toya","图书",,,
560,"三星",507,"Jinger","图书",,,
561,"蓝色吊坠",507,"Page","珠宝首饰",,,
562,"主机",505,"Toya","台式机",,,
563,"相册",504,"Jinger","图书",,,
564,"珠宝 首饰",504,"Page","珠宝首饰",,,
565,"对讲机",497,"Toya","对讲机","通讯导航",,
566,"葫芦",493,"Jinger","珠宝首饰",,,
567,"旅游 杭州",491,"Page","图书",,,
568,"代表处",491,"Toya",,,,
569,"沐浴球",489,"Jinger","玩具模型",,,
570,"饲料",487,"Page","图书",,,
571,"摩托车油箱",487,"Toya",,,,
572,"烧烤",487,"Jinger","野营装备 ",,,
573,"国际域名",485,"Page","图书",,,
574,"桑塔纳",483,"Toya","汽车导购",,,
575,"钻石",482,"Jinger","珠宝首饰",,,
576,"男装",482,"Page","运动服","野营装备","图书",
577,"中华人民共和国 大理石 建材",482,"Toya","图书",,,
578,"食品 包装 食品",482,"Jinger","图书 ",,,
579,"景观 设计 最新",478,"Page","图书",,,
580,"天丝",478,"Toya","车内装饰",,,
581,"商铺",477,"Jinger","图书 ",,,
582,"在线 培训",477,"Page","图书",,,
583,"光盘制作",476,"Toya","相关软件","图书",,
584,"直发器",475,"Jinger","实用礼品 ",,,
585,"苹果",474,"Page","笔记本","MP3播放器",,
586,"瓷",473,"Toya","仿真首饰","摆设挂饰",,
587,"记忆卡",472,"Jinger","闪存卡",,,
588,"仿真车模",468,"Page","玩具模型",,,
589,"早教",468,"Toya","实用礼品",,,
590,"鞋",466,"Jinger","运动鞋",,,
591,"红豆杉",466,"Page","盆栽植物","图书",,
592,"车载加湿器",466,"Toya","汽车用品","车用电器",,
593,"祛眼袋",466,"Jinger","护肤 ",,,
594,"疤痕韩国",465,"Page","护肤",,,
595,"商业 贸易",465,"Toya","图书",,,
596,"吊顶",464,"Jinger","图书 ",,,
597,"折叠自行车",463,"Page","户外运动","野营装备",,
598,"按摩 保健",463,"Toya","健身器材","图书",,
599,"竹炭",461,"Jinger","车内实用 ",,,
600,"瓷片",460,"Page","图书",,,
601,"鸡精",460,"Toya","祝福食品",,,
602,"温泉",459,"Jinger","护肤 ",,,
603,"高光相纸",458,"Page","办公用纸",,,
604,"花艺",458,"Toya","鲜花园艺","图书",,
605,"耗材",457,"Jinger","其他耗材 ",,,
606,"手机链",456,"Page","手机饰品",,,
607,"男式衬衫",456,"Toya",,,,
608,"足浴器",455,"Jinger","实用礼品 ",,,
609,"精美 礼品",455,"Page","实用礼品",,,
610,"法国 工商会 编 出版社 上海 译文 出版社 出版 日期",454,"Toya","图书",,,
611,"bvlgari",453,"Jinger","香水 ",,,
612,"兰花",452,"Page","鲜花","盆栽植物","图书",
613,"水晶珠",452,"Toya","珠宝首饰","仿真首饰",,
614,"农业 环境",450,"Jinger","图书",,,
615,"圣诞礼物",449,"Page","实用礼品",,,
616,"外汇 人民币 兑换",449,"Toya",,,,
617,"鲜花",449,"Jinger","鲜花",,,
618,"点卡",448,"Page",,,,
619,"共享器",448,"Toya","办公用品",,,
620,"嵌入式 开发",446,"Jinger","图书",,,
621,"饲料 机械",446,"Page","图书",,,
622,"翻译 上海",445,"Toya",,,,
623,"洁具",444,"Jinger","图书",,,
624,"杭州 小吃",443,"Page","图书",,,
625,"发电机",443,"Toya","图书",,,
626,"干洗店",441,"Jinger","相关软件",,,
627,"根雕",440,"Page","摆设挂饰","图书",,
628,"调查 问卷",435,"Toya","图书",,,
629,"北京鲜花",434,"Jinger","鲜花 ",,,
630,"冰格",434,"Page",,,,
631,"ibm t40",432,"Toya","笔记本",,,
632,"中小企业 在线",432,"Jinger","图书 ",,,
633,"网上 书店",426,"Page","图书",,,
634,"ibm t23",425,"Toya","笔记本",,,
635,"网赚",425,"Jinger","图书",,,
636,"礼物",424,"Page","实用礼品",,,
637,"药品 生产",421,"Toya","图书",,,
638,"时尚 礼品",421,"Jinger","实用礼品",,,
639,"头发",419,"Page","沐浴护发","发饰系列",,
640,"婷美",419,"Toya","塑身美体","情趣内衣",,
641,"上海家具",419,"Jinger","图书",,,
642,"余世维",418,"Page","图书",,,
643,"留学 中心 出版社 中国",417,"Toya","图书",,,
644,"圆锯片",417,"Jinger","图书 ",,,
645,"婷美内衣",415,"Page","情趣内衣","塑身美体",,
646,"起名",415,"Toya","相关软件","图书",,
647,"电池",414,"Jinger","电池 ",,,
648,"招聘",409,"Page","图书",,,
649,"猪 饲料",407,"Toya","图书",,,
650,"钢琴价格",407,"Jinger","艺术",,,
651,"和田 玉",406,"Page","珠宝首饰","图书",,
652,"休闲裤",406,"Toya",,,,
653,"Food",405,"Jinger","护肤 ",,,
654,"设计 企业 形象",403,"Page","图书",,,
655,"工作 报告",403,"Toya","图书",,,
656,"日本",403,"Jinger","护肤 ",,,
657,"黄金",402,"Page","珠宝首饰","显卡",,
658,"有机肥",401,"Toya",,,,
659,"卫浴",401,"Jinger","图书 ",,,
660,"女装",399,"Page","运动服","情趣内衣",,
661,"干洗",398,"Toya","汽车保养","化妆品",,
662,"数码 相机",398,"Jinger","数码伴侣 ",,,
663,"玩具",396,"Page","玩具模型",,,
664,"新 东方 英语",396,"Toya","图书",,,
665,"优惠",395,"Jinger","图书",,,
666,"手机挂绳",395,"Page","手机饰品",,,
667,"入油匙扣",394,"Toya","实用礼品",,,
668,"植物精油",394,"Jinger","护肤 ",,,
669,"计算机 中国",393,"Page","图书",,,
670,"苗种",393,"Toya","图书",,,
671,"自动车床",391,"Jinger","图书",,,
672,"獭兔",390,"Page","图书",,,
673,"私人 侦探",389,"Toya","图书",,,
674,"房屋 装修",387,"Jinger","图书",,,
675,"外校 留学 出国",385,"Page","图书",,,
676,"运动休闲",384,"Toya","运动服饰","户外休闲",,
677,"CF存储卡",384,"Jinger","闪存卡",,,
678,"中性笔",383,"Page","办公文具","实用礼品",,
679,"化妆品 产品",383,"Toya","化妆品",,,
680,"索尼",383,"Jinger","数码摄像机 ",,,
681,"服装 表演",383,"Page","图书",,,
682,"杂志架",383,"Toya","办公家具","办公文具",,
683,"电脑 联想",382,"Jinger","笔记本 ",,,
684,"网络 广告",382,"Page","图书",,,
685,"PDA",382,"Toya","掌上电脑",,,
686,"北京英语培训",381,"Jinger","外语 ",,,
687,"木制相框",381,"Page","摆设挂饰",,,
688,"软件设计",380,"Toya","相关软件","图书",,
689,"会员卡",379,"Jinger","图书",,,
690,"钢管",379,"Page",,,,
691,"营销传播",378,"Toya","图书",,,
692,"培训 教程",377,"Jinger","图书",,,
693,"宝马刹车片",374,"Page",,,,
694,"帽子围巾",373,"Toya","衣着饰物",,,
695,"诺基亚",373,"Jinger","GSM手机",,,
696,"种子",371,"Page","图书",,,
697,"劳动 争议",371,"Toya","图书",,,
698,"礼服",369,"Jinger","情趣内衣 ",,,
699,"网络 安全 专业",367,"Page","图书",,,
700,"红木家具",366,"Toya","图书",,,
701,"轿车价格",366,"Jinger","图书 ",,,
702,"intel cpu",366,"Page","CPU",,,
703,"化妆品 生产",366,"Toya","化妆品",,,
704,"资料柜",365,"Jinger","办公家具",,,
705,"冰箱制冷",365,"Page","通用车载","车用电器",,
706,"汽车音响",365,"Toya","汽车用品","车用电器",,
707,"中厚板",365,"Jinger","图书",,,
708,"休闲食品",364,"Page","祝福食品",,,
709,"无线产品",363,"Toya","无线上网卡","无线路由器","无线接入器","no"
710,"北京 餐饮",363,"Jinger","图书",,,
711,"手机",361,"Page","GSM手机","CDMA手机",,
712,"纪念币",361,"Toya","纪念品",,,
713,"12v电源适配器",360,"Jinger","通用车载",,,
714,"皮具套装",359,"Page","实用礼品",,,
715,"注塑模",359,"Toya","图书",,,
716,"北京 风光",358,"Jinger","图书",,,
717,"培训 最新 微机",358,"Page","图书",,,
718,"护士 工作",356,"Toya",,,,
719,"液压工具",355,"Jinger","工具 ",,,
720,"亲子教育",355,"Page","相关软件","游戏机",,
721,"奶茶",355,"Toya","祝福食品","图书",,
722,"玉",354,"Jinger","珠宝首饰",,,
723,"打印机耗材",353,"Page","激打耗材",,,
724,"低压电器",353,"Toya","图书",,,
725,"移民 新西兰",353,"Jinger","图书 ",,,
726,"邱立屏",351,"Page","图书",,,
727,"摄像机",350,"Toya","数码摄像机","电池","其他配件","no"
728,"注册",348,"Jinger","图书",,,
729,"保健茶",348,"Page","图书",,,
730,"室内装饰",347,"Toya","鲜花园艺","图书",,
731,"家具 明清 北京",347,"Jinger","图书 ",,,
732,"外汇 交易",347,"Page","图书",,,
733,"银",347,"Toya","珠宝首饰",,,
734,"废旧 回收",346,"Jinger","图书 ",,,
735,"夏季女装",346,"Page","手表",,,
736,"管理 工作",344,"Toya","相关软件","图书",,
737,"营销策划",341,"Jinger","图书 ",,,
738,"喷墨打印机",340,"Page","喷墨打印机","墨盒(水)",,
739,"水果 蔬菜",340,"Toya","图书","影视",,
740,"光盘刻录",340,"Jinger","光盘 ",,,
741,"IBM电脑",339,"Page","笔记本",,,
742,"财经",339,"Toya","图书","影视",,
743,"广告 策划",338,"Jinger","图书 ",,,
744,"庭院设计",337,"Page","图书",,,
745,"化妆工具",336,"Toya","化妆品",,,
746,"铁路货运",336,"Jinger","图书",,,
747,"模板",336,"Page","相关软件","办公文具",,
748,"陶艺",335,"Toya","摆设挂饰","图书",,
749,"电脑配件",335,"Jinger","PDA配件",,,
750,"玫瑰花",334,"Page","鲜花","珠宝首饰","护肤",
751,"惠普电脑",333,"Toya","台式机","笔记本",,
752,"收音机",332,"Jinger","实用礼品",,,
753,"Avery片",332,"Page","办公用纸",,,
754,"温湿度计",332,"Toya","车内实用","其他汽车保养",,
755,"广州",330,"Jinger","影视",,,
756,"欧姆龙血压计",330,"Page","实用礼品","保健护理",,
757,"外汇 交易 系统",327,"Toya","相关软件","图书",,
758,"摩托车 技术",327,"Jinger","图书",,,
759,"货币",327,"Page","纪念品","图书",,
760,"汽车防盗器",327,"Toya","汽车用品","车用电器",,
761,"喷油",326,"Jinger","护理美容",,,
762,"cf卡",326,"Page","闪存卡","读卡器",,
763,"电子",326,"Toya",,,,"范围太大"
764,"食品 添加剂 食品",325,"Jinger","图书",,,
765,"多普达智能手机",325,"Page","通讯产品",,,
766,"橱柜",323,"Toya",,,,
767,"摄象机",322,"Jinger","数码摄像机",,,
768,"电动工具",322,"Page","应急抢险",,,
769,"美元",320,"Toya",,,,
770,"活性炭",320,"Jinger","车内实用 ",,,
771,"刹车片",319,"Page","零配件","维修改装",,
772,"快递 物流",319,"Toya",,,,
773,"培训 技能 NET",317,"Jinger","图书",,,
774,"重型 汽车",317,"Page","图书",,,
775,"胰岛素 泵",317,"Toya","图书",,,
776,"物流 第二版",316,"Jinger","图书 ",,,
777,"珠光颜料",316,"Page","图书",,,
778,"霸王润滑油",316,"Toya","汽车保养",,,
779,"糖尿病 食品",315,"Jinger","图书",,,
780,"男鞋",315,"Page","运动鞋","野营装备",,
781,"网站 建设",315,"Toya","相关软件","图书",,
782,"美术 辅导 高考",314,"Jinger","图书",,,
783,"文书 写作 留学",314,"Page","图书",,,
784,"金属丝",314,"Toya",,,,
785,"冰箱 维修",314,"Jinger","图书",,,
786,"名录",312,"Page","图书",,,
787,"家饰",311,"Toya","图书",,,
788,"电器设备",311,"Jinger","办公用品",,,
789,"包装盒",311,"Page",,,,
790,"水晶",309,"Toya","珠宝首饰","仿真首饰",,
791,"情人蛋糕",309,"Jinger","祝福食品",,,
792,"薰衣草精油",307,"Page","护肤","香水",,
793,"翻译 日语",306,"Toya","电子词典","图书",,
794,"二手轿车",306,"Jinger","图书",,,
795,"保湿",304,"Page","护肤","彩妆","沐浴护发",
796,"促销台",303,"Toya",,,,
797,"安娜苏古铜",303,"Jinger","彩妆",,,
798,"三菱",302,"Page","汽车导购","GSM手机","投影仪",
799,"培训 北京",302,"Toya",,,,
800,"XO酒瓶",302,"Jinger","珠宝首饰",,,
801,"塑料制品",300,"Page","图书",,,
802,"工具 开发",299,"Toya","相关软件","图书",,
803,"紫环",299,"Jinger","保健护理",,,
804,"时尚 家居",298,"Page","摆设挂饰",,,
805,"眼镜架",298,"Toya","眼镜","车内实用",,
806,"投资 证券",297,"Jinger","图书 ",,,
807,"临床 美容 整形",297,"Page","图书",,,
808,"痤疮",297,"Toya","化妆品",,,
809,"红富士",296,"Jinger","实用礼品",,,
810,"广告服务",296,"Page","管理经济",,,
811,"二手空调",295,"Toya",,,,
812,"个人 求职",294,"Jinger","图书",,,
813,"瘦身减肥",294,"Page","保健护理","塑身美体",,
814,"铁架",294,"Toya","办公家具","鲜花园艺",,
815,"酒店 餐厅",293,"Jinger","图书 ",,,
816,"书签",292,"Page","实用礼品","摆设挂饰",,
817,"设计 室内 画册",291,"Toya","图书",,,
818,"商务 中国",291,"Jinger","图书 ",,,
819,"电脑 报",291,"Page","图书",,,
820,"太阳能 发电",289,"Toya","图书",,,
821,"牛肉",289,"Jinger","图书",,,
822,"解决 方案",288,"Page","图书",,,
823,"名片",288,"Toya","办公文具",,,"no"
824,"皮肤",287,"Jinger","护肤 ",,,
825,"清洁 车用",286,"Page",,,,
826,"嘉年华",286,"Toya","影视",,,
827,"教育",286,"Jinger","图书",,,
828,"信息 发布",286,"Page","图书",,,
829,"睡眠面膜",283,"Toya","化妆品",,,
830,"GPS导航",283,"Jinger","通讯导航",,,
831,"钱包",283,"Page","实用礼品","运动包袋",,
832,"少儿 英语",283,"Toya","相关软件","图书","影视",
833,"薰香",282,"Jinger","香水 ",,,
834,"美容美发店 MEI 西子",282,"Page","图书",,,
835,"gps",281,"Toya","通讯导航","GPS定位系统",,
836,"日本签证",279,"Jinger","外语 ",,,
837,"钉枪",277,"Page","装订/塑封机",,,
838,"会计师 考试",276,"Toya","图书",,,
839,"武术 学校",275,"Jinger","图书",,,
840,"时尚 旅游",274,"Page","图书",,,
841,"热流道",274,"Toya","图书",,,
842,"铂金",274,"Jinger","实用礼品",,,
843,"婴儿",273,"Page","玩具模型","护肤",,
844,"批发 光盘",273,"Toya","外设耗材","办公文具",,
845,"监听器",273,"Jinger","野营装备",,,
846,"旅游 北京",273,"Page","图书",,,
847,"招商",273,"Toya",,,,
848,"空间 国外 娱乐",272,"Jinger","图书 ",,,
849,"精装 马拉美 全集",272,"Page",,,,
850,"佳能数码相机",272,"Toya","数码相机",,,
851,"油画棒",271,"Jinger","图书",,,
852,"电脑 教程",271,"Page","图书",,,
853,"充电器",271,"Toya","充电器","手机配件","数码配件",
854,"婚庆租车",270,"Jinger","鲜花 ",,,
855,"监听",270,"Page","耳机/耳麦",,,
856,"复合",270,"Toya",,,,
857,"德国",269,"Jinger","摆设挂饰 ",,,
858,"汽车模型",268,"Page","玩具模型",,,
859,"上海汽车",268,"Toya","汽车导购",,,
860,"二手 车",267,"Jinger","车内装饰",,,
861,"按摩垫",267,"Page","健身器材","实用礼品",,
862,"矿",266,"Toya",,,,
863,"电线 电缆",265,"Jinger","图书",,,
864,"东海水晶",264,"Page","珠宝首饰",,,
865,"女装皮带",263,"Toya",,,,
866,"电子 科技 大学",263,"Jinger","图书",,,
867,"hello kitty",262,"Page",,,,
868,"法律 翻译",262,"Toya","图书",,,
869,"造型设计",261,"Jinger","图书",,,
870,"拉杆包",261,"Page","数码包","运动包袋",,
871,"绿茶",261,"Toya","祝福食品","化妆品",,
872,"海尔",261,"Jinger","GSM手机",,,
873,"捷豹汽车",261,"Page",,,,
874,"天霸滤清器",260,"Toya","汽车保养",,,
875,"网页 制作 培训",260,"Jinger","图书",,,
876,"无线模块",260,"Page","GPS定位系统","通讯导航",,
877,"塑料原料",259,"Toya",,,,
878,"汽车装饰",259,"Jinger","车内装饰",,,
879,"轮胎价格",259,"Page",,,,
880,"铁粉",259,"Toya",,,,
881,"情侣手链",258,"Jinger","仿真首饰",,,
882,"滚筒",258,"Page",,,,
883,"家具 上海",257,"Toya",,,,
884,"种苗",256,"Jinger","图书 ",,,
885,"自动给皂器",256,"Page","实用礼品",,,
886,"台球",255,"Toya","项目专用",,,"no"
887,"汽车射灯",255,"Jinger","其他汽车保养",,,
888,"奥林巴斯相机",255,"Page","数码相机","光学相机","电池",
889,"越南",255,"Toya",,,,
890,"滤网",255,"Jinger","情趣内衣 ",,,
891,"软件 开发 工具",255,"Page","图书",,,
892,"西门子",255,"Toya","电话机","GSM手机",,
893,"云南 出版社 中国",254,"Jinger","图书 ",,,
894,"最新 备考 复习",254,"Page","图书",,,
895,"nike",253,"Toya","运动服饰","项目专用",,
896,"电动 工具",253,"Jinger","工具",,,
897,"无线耳机",253,"Page","耳机/耳麦","蓝牙耳机",,
898,"培训 学校",251,"Toya",,,,
899,"珍珠 奶茶",251,"Jinger","图书",,,
900,"拼图",251,"Page","实用礼品",,,
901,"品牌销售",251,"Toya",,,,
902,"皮肌炎",250,"Jinger","图书 ",,,
903,"整体厨房",250,"Page","图书",,,
904,"画册 设计",250,"Toya","图书",,,
905,"音响系统",250,"Jinger","音箱",,,
906,"宽带",249,"Page","路由器",,,
907,"UT斯达康",249,"Toya","小灵通","通讯产品",,
908,"安全器材",249,"Jinger","健身器材 ",,,
909,"花卉",248,"Page","鲜花","摆设挂饰",,
910,"笔记本 电脑",248,"Toya","笔记本",,,
911,"无线 网络",248,"Jinger","图书",,,
912,"计算机 信息 安全",248,"Page","图书",,,
913,"人事",248,"Toya",,,,
914,"监理 工程师",247,"Jinger","图书 ",,,
915,"丝巾",247,"Page","实用礼品",,,
916,"商业 加盟",246,"Toya",,,,
917,"针孔摄像机",245,"Jinger","数码产品",,,
918,"护 眼",245,"Page","护肤",,,
919,"旅游 欧洲",245,"Toya","图书","影视",,
920,"第三方 物流",244,"Jinger","图书",,,
921,"物业管理网站",244,"Page","图书",,,
922,"餐具套装",243,"Toya","实用礼品",,,
923,"防盗 报警",243,"Jinger","安全防盗",,,
924,"zippo士",242,"Page","男性饰物",,,
925,"上海宾馆",242,"Toya",,,,
926,"全国 驾驶员 矿用",240,"Jinger","图书 ",,,
927,"时尚礼品",240,"Page","实用礼品",,,
928,"北京签证",239,"Toya",,,,
929,"美容镜",238,"Jinger","护理美容 ",,,
930,"笔记本维修",238,"Page",,,,
931,"温室 日常 大棚",237,"Toya",,,,
932,"书",236,"Jinger","图书 ",,,
933,"综合 软件 培训",236,"Page","图书",,,
934,"品学 化妆",236,"Toya","图书",,,
935,"计算机 等级 培训",235,"Jinger","图书 ",,,
936,"西服",235,"Page",,,,
937,"狗",234,"Toya","玩具模型",,,
938,"电子 科技",234,"Jinger","图书",,,
939,"佳能复印机",234,"Page","复印机","墨盒(水)",,
940,"夜灯",233,"Toya","汽车用品",,,
941,"钢铁",233,"Jinger","图书",,,
942,"丰田汽车",233,"Page","汽车导购","玩具模型",,
943,"香精 香料",232,"Toya","图书",,,
944,"网页 设计 公司",231,"Jinger","图书",,,
945,"PVC片",231,"Page","车内装饰",,,
946,"笔记本包",231,"Toya","数码包",,,
947,"飞利浦电吹风",231,"Jinger","实用礼品",,,
948,"燃气报警器",230,"Page",,,,
949,"喷塑",229,"Toya","办公文具","办公设备",,
950,"食品",229,"Jinger","祝福食品",,,
951,"齿科",229,"Page","图书",,,
952,"管理 教学 物流",229,"Toya","图书",,,
953,"镍价格",228,"Jinger","体育器材",,,
954,"彩色色带",228,"Page","色带",,,
955,"压铸模",228,"Toya",,,,
956,"印刷 设计",227,"Jinger","图书",,,
957,"水果",227,"Page",,,,
958,"酒店用品",224,"Toya",,,,
959,"光盘 刻录",224,"Jinger","光盘 ",,,
960,"化学 试剂",224,"Page","图书",,,
961,"留学 中国",224,"Toya","图书",,,
962,"水果 贮藏",223,"Jinger","图书",,,
963,"商务 英语",222,"Page","图书",,,
964,"执业",222,"Toya","图书",,,
965,"高丝",221,"Jinger","护肤",,,
966,"股市 行情",221,"Page",,,,
967,"毛绒",220,"Toya","玩具模型",,,"no"
968,"北京 宾馆",217,"Jinger","图书",,,
969,"劳务输出",217,"Page","图书",,,
970,"拍卖 福建 美术",217,"Toya",,,,
971,"网页 制作 课程",216,"Jinger","图书",,,
972,"骨病",216,"Page","图书",,,
973,"白蚁 防治",215,"Toya",,,,
974,"运动服",215,"Jinger","运动服 ",,,
975,"唇彩",214,"Page","彩妆",,,
976,"法国 教育",214,"Toya","图书",,,
977,"招聘 配置",213,"Jinger","图书",,,
978,"厨房 装修",213,"Page","图书",,,
979,"nba",213,"Toya","体育器材","运动服饰",,
980,"羽毛球",213,"Jinger","体育器材",,,
981,"电子辞典",212,"Page","电子词典",,,
982,"学校 美容",212,"Toya","图书",,,
983,"系统优化",211,"Jinger","图书",,,
984,"保健食品 申报",211,"Page","图书",,,
985,"靓喷雾",211,"Toya","化妆品","塑身美体",,
986,"雅芳 美容",211,"Jinger","护肤",,,
987,"煤",210,"Page","图书",,,
988,"联想",210,"Toya","台式机","笔记本","通讯产品",
989,"网络传真",210,"Jinger","传真机",,,
990,"合作 经济管理",208,"Page","图书",,,
991,"活动铅笔",207,"Toya","办公文具",,,
992,"空间",206,"Jinger","图书",,,
993,"跆拳道",206,"Page","图书","影视",,
994,"激光",206,"Toya","激光打印机",,,
995,"四川旅游",206,"Jinger","图书",,,
996,"软件",205,"Page","相关软件",,,
997,"串口",204,"Toya","标准配件","数码配件",,
998,"魔术贴",204,"Jinger","办公文具",,,
999,"产品设计",204,"Page","图书",,,
1000,"蜂胶 价格",204,"Toya","保健护理",,,
1001,"粽子",204,"Fan","祝福食品",,,
